t,delay_mape,energy_mape,rolling_delay_mape,finetuned,ft_gain
0,11238.151653769908,47.11351176891381,11238.151653769908,False,
1,11393.680272458352,43.880565920800926,11315.91596311413,False,
2,10824.315744022086,34.298017091190644,11152.049223416781,False,
3,8870.16850949714,24.883909184020908,10581.57904493687,False,
4,10021.82378855917,31.662752599101136,10469.627993661332,False,
5,4691.421183965464,30.785586528234575,9506.593525378687,False,
6,12978.497954288434,50.058752379129665,10002.579872365794,False,
7,5015.262409040579,13.14021907776904,9379.165189450141,False,
8,12626.782311564806,50.49983860580591,9740.01153635177,False,
9,12599.492143919579,50.46056064493095,10025.959597108551,False,
10,4274.794762166569,33.09577213174078,9503.126430295642,False,
11,4504.505511233684,35.60803661531615,9086.57468704048,False,
12,5652.097825797387,27.769361816704997,8822.38415925255,False,
13,5741.832815009197,30.132361668173385,8602.344777520882,False,
14,4529.343738716136,33.65389992186073,8330.811374933899,False,
15,4604.319022718798,33.51944475427978,8097.905602920455,False,
16,4792.768825340548,34.4733617262744,7903.485792474578,False,
17,4667.56637599651,33.34519711847436,7723.71249155913,False,
18,5094.171599262465,31.82539467685511,7585.315602490884,False,
19,5093.453520707223,31.388341900307704,7460.722498401701,False,
20,5246.947068880063,34.17308081502448,7161.162269157209,False,
21,4233.537581984456,28.53570011788671,6803.155134633514,False,
22,6447.013699796449,38.53053444412413,6584.290032422233,False,
23,5222.551774035843,36.71791330318829,6401.9091956491675,False,
24,6239.494853561134,36.08106934444877,6212.7927488992655,False,
25,6433.720011058278,38.25914551844393,6299.907690253906,False,
26,8740.216485169849,41.381557933546695,6087.993616797978,False,
27,8742.18568144313,34.93475467964092,6274.339780418105,False,
28,10730.04210025649,44.988021373319036,6179.502769852688,False,
29,10629.620425037485,44.24062511385824,6081.009183908584,False,
30,10260.889710907551,41.72175006378587,6380.313931345633,False,
31,8888.926218947117,26.980289073305592,6599.534966731306,True,-8049.749902352493
32,214.1933083942734,5.939558653956043,214.1933083942734,False,
33,176.4173805543945,4.780427989600305,195.30534447433394,False,
34,204.43350838013777,11.986644061076813,198.34806577626856,False,
35,130.15939978649047,14.951493378101869,181.30089927882403,False,
36,250.98700684092864,12.408568744345525,195.23812079124497,False,
37,260.9632461378007,11.979361234821331,206.19230834900426,False,
38,175.0905396007846,6.062058447951678,201.74919852783003,False,
39,166.75428931928315,5.7550201375437355,197.37483487676167,False,
40,117.29629982074738,18.32635862287296,188.47721987053785,False,
41,146.54495472503712,12.56716358655606,184.28399335598777,False,
42,152.10489859062483,5.610580855470049,181.35862110459115,False,
43,133.8170365065109,5.849852300950403,177.39682238808447,False,
44,170.44013936424997,7.5172352134903475,176.8616929247126,False,
45,124.85277369087294,5.699097832115089,173.1467701222955,False,
46,140.65140630527318,6.754664982030823,170.980412534494,False,
47,162.43681188848961,5.978261208515702,170.4464374941187,False,
48,195.53348538425692,8.330589326827875,171.9221461935386,False,
49,136.11401921745562,6.420716063718985,169.93280580597843,False,
50,199.0360177786453,7.086984809413368,171.46455380453983,False,
51,163.43078146636628,8.110818917574,171.06286518763116,False,
52,179.34774632647375,5.92934542963788,169.3205870842412,False,
53,158.2486090740427,7.339851161033778,168.4121485102236,False,
54,158.0745861990999,6.989140271007383,166.09420240117169,False,
55,223.46885828412536,7.555613459963273,170.75967532605347,False,
56,210.38769136731025,13.559388302382464,168.72970955237253,False,
57,196.06976123026635,14.366892515138579,165.48503530699583,False,
58,215.45169681135098,7.079810769399366,167.50309316752413,False,
59,191.90864680603107,7.8115277652588135,168.76081104186153,False,
60,190.93452590211263,12.481168805682527,172.44272234592978,False,
61,152.8601261866131,1.9939295745989751,172.75848091900855,False,
62,252.21531364147586,11.88909868286656,177.7640016715511,False,
63,143.95073319269366,23.901032395220433,178.27068650586028,False,
64,253.65704275425193,12.47609167221199,182.43153167536036,False,
65,273.645254200943,12.522329085764866,189.87115570086388,False,
66,187.53395782271153,4.888721307922911,192.2152832767358,False,
67,172.4203535018874,3.9382137980090546,192.7144603574057,False,
68,144.2870699717447,20.979978495870206,190.15213958678007,False,
69,148.46598746686047,17.416114019113536,190.76973799925034,False,
70,153.00057550793446,5.015274335000985,188.4679658857148,False,
71,213.0126708394647,3.7886102140412437,190.94706035436968,False,
72,173.1448585946021,4.761123450680641,190.63691596777613,False,
73,178.34651193610836,4.71590738070201,191.64181111087942,False,
74,187.2311956117837,4.467085780180264,193.0996415815136,False,
75,174.10364277695604,9.854629257823385,190.63138080615514,False,
76,149.99117790326105,10.133507500648225,187.61155513295265,False,
77,174.80833482962785,2.846461843777227,186.54848381292072,False,
78,209.37989552292535,4.257666071160279,186.24489374849944,False,
79,203.50754223153294,4.195262282027514,186.82483851977454,False,
80,195.11816334526037,6.745513413918457,187.03402039193193,False,
81,223.9142352434452,5.987268325547515,190.58672584477353,False,
82,257.32336157570444,6.9307808566417535,190.84212824148497,False,
83,230.05883027577232,8.536960720072358,195.1475330956389,False,
