t,delay_mape,energy_mape,rolling_delay_mape,finetuned,power
0,37.98802885517647,1.92596696294331,37.98802885517647,False,p37
1,206.884342726192,3.261286273587772,122.43618579068423,False,p37
2,47.37847313274581,1.117516799057272,97.4169482380381,False,p37
3,85.38259586253727,2.749739112406471,94.40836014416288,False,p37
4,60.34663422977474,2.0684257112400894,87.59601496128525,False,p37
5,63.0798162551669,2.348639729652188,83.50998184359887,False,p37
6,102.38664879902095,2.7949228125248973,86.20664855151631,False,p37
7,171.63553915923288,3.5048278613054777,96.88525987748088,False,p37
8,359.45663224436964,4.714246819348938,126.05985680713518,False,p37
9,389.5917148016151,4.181635395501782,152.41304260658316,False,p37
10,72.5041200548254,3.979929353837988,145.1485951018779,False,p37
11,47.85624654895535,4.782976244401885,137.04089938913435,False,p37
12,55.64588595841098,1.8349557852377498,130.77974450984794,False,p37
13,53.643128588114564,2.529094413071105,125.26998622972413,False,p37
14,187.14064181614765,4.675273458512909,129.39469660215235,False,p37
15,11.349222899904058,1.5927393300379067,122.01685449576186,False,p37
16,82.82163996241681,3.2245816615882195,119.71125364085921,False,p37
17,54.1613964616359,2.6057920987695544,116.06959490868014,False,p37
18,98.59281960763334,3.657219233973013,115.14976462967769,False,p37
19,43.54637160876242,2.539994537264657,111.56959497863193,False,p37
20,116.58423332889294,3.5969367722895265,115.49940520231773,False,p37
21,10.982757291021596,0.8341020128291721,105.70432593055924,False,p37
22,14.449313639790976,1.5534389935958492,104.05786795591148,False,p37
23,13.558823804404248,1.1309474746700738,100.46667935300482,False,p37
24,18.976052368406172,1.7508212803959287,98.3981502599364,False,p37
25,13.38390694371267,0.5608033770794025,95.9133547943637,False,p37
26,14.423453406359432,3.5042438161014315,91.51519502473062,False,p37
27,15.744413838895035,1.8223881675798044,83.72063875871372,False,p37
28,32.71030973942881,2.4630044197625027,67.38332263346668,False,p37
29,52.23277926579565,4.868896547595069,50.5153758566757,False,p37
30,51.949192016940316,2.1566029665060995,49.48762945478144,False,p37
31,123.95540384001127,3.8842657671130203,53.29258731933423,False,p37
32,101.95655671121916,4.808357045867692,55.60812085697465,False,p37
33,11.121180908627865,1.1084536577485358,53.48202347300031,False,p37
34,38.24367123734229,2.202088898192346,46.03717494406004,False,p37
35,36.8130272258432,5.687886497684921,47.310365160357,False,p37
36,41.639278534279995,2.428252489579999,45.251247088950166,False,p37
37,36.571127825988405,5.98163268685655,44.37173365716779,False,p37
38,66.5850802469765,2.9081049840221103,42.771346689134944,False,p37
39,11.852489164213132,0.6892232044673647,41.18665256690748,False,p37
40,22.660597423088085,2.637615480539583,36.49047077161724,False,p43
41,21.910515480820678,4.174626136210944,37.0368586811072,False,p43
42,35.49291594132853,6.701129761521253,38.08903879618408,False,p43
43,24.360593403565208,2.56725729248187,38.62912727614212,False,p43
44,40.4675540223954,6.343719201204678,39.70370235884158,False,p43
45,53.927099367829825,9.092065064225425,41.730861980047436,False,p43
46,29.525668977448845,1.713555174961887,42.4859727586019,False,p43
47,25.672972405685773,1.7163158318300398,42.98240068694144,False,p43
48,43.213614216653696,6.054684095654039,43.50756591080268,False,p43
49,34.12942750531892,4.029433624629403,42.60239832277885,False,p43
50,34.39217507157251,9.047881752135476,41.72454747551047,False,p43
51,46.02879178418526,1.6566121921145958,37.82821687271917,False,p43
52,16.079658202379413,1.9993199293415438,33.53437194727718,False,p43
53,27.345610189652675,4.5734115755810025,34.345593411328416,False,p43
54,35.25897034075222,6.889878446749408,34.19635836649891,False,p43
55,11.184004593528345,3.3750350475937774,32.91490723488317,False,p43
56,88.17802112895737,3.3000107092927164,35.241844364617045,False,p43
57,281.3105358148457,11.528637583897329,47.478814764059905,False,p43
58,81.6109591694843,13.194200858362507,48.23010871018529,False,p43
59,52.27319073270556,2.439977999459217,50.25114378860992,False,p43
60,46.30750484285558,6.55286829342924,51.43348915959829,False,p43
61,9.775715361069821,2.8620671976917134,50.82674915361075,False,p43
62,28.564598474884345,6.421446878756379,50.480333280288534,False,p43
63,18.065867544043297,8.638475034817382,50.16559698731244,False,p43
64,14.819278450874823,4.469425513565362,48.88318320873641,False,p43
65,10.360044551243677,2.1143505797058966,46.70483046790711,False,p43
66,30.08598894789684,5.238054634976064,46.7328464664295,False,p43
67,12.060477030904963,1.5104252116806987,46.05222169769046,False,p43
68,41.685640723636496,7.719429245340416,45.97582302303961,False,p43
69,59.38737064350285,14.38762838667684,47.2387201799488,False,p43
70,47.68907706942226,11.675821620868893,47.903565279841295,False,p43
71,34.898106182837225,10.60089447864061,47.34703099977389,False,p43
72,57.59433769430867,12.49814042666562,49.42276497437036,False,p43
73,11.146717094236218,2.6711622139993865,48.612820319599535,False,p43
74,40.64786141959794,7.200010971714006,48.882264873541814,False,p43
75,91.89695940542245,9.502857338571218,52.917912614136526,False,p43
76,106.88243273433568,12.820651618984977,53.85313319440543,False,p43
77,54.18932841130645,6.539134718951405,42.49707282422847,False,p43
78,66.75741459353257,8.186790704175737,41.75439559543088,False,p43
79,10.018364610639114,1.3918796787568668,39.64165428932756,False,p43
80,49.98238331278753,11.74577488575793,39.825398212824155,False,p46
81,46.85590418425825,5.562108515365956,41.67940765398358,False,p46
82,42.32656437723748,7.934294930005124,42.36750594910124,False,p46
83,137.75060490063623,20.01039328388906,48.35174281693088,False,p46
84,27.932880721719133,7.68866541536692,49.007422930473105,False,p46
85,38.82298471865479,5.138470638841908,50.43056993884366,False,p46
86,30.161837067758864,5.070068661337594,50.434362344836764,False,p46
87,27.693441335436493,4.400624883127169,51.21601056006333,False,p46
88,52.61318495809184,12.020821144097752,51.76238777178611,False,p46
89,37.37750542786865,9.819516947325313,50.66189451100439,False,p46
90,38.74621446206736,10.525279140632433,50.21475138063665,False,p46
91,30.763149736962486,5.473478554800892,50.00800355834291,False,p46
92,59.471134456007114,10.088016530298228,50.10184339642783,False,p46
93,39.70109021712904,7.87485918127243,51.52956205257247,False,p46
94,36.26319577138774,21.37737020193297,51.31032877016197,False,p46
95,12.18556808651571,2.297176222116816,47.32475920421662,False,p46
96,229.37718096503667,20.02432851831992,53.44949661575167,False,p46
97,86.3346874598745,16.27553573280587,55.05676456818007,False,p46
98,227.54279875060334,25.85140956418836,63.09603377603362,False,p46
99,47.54945159311011,8.071155090813624,64.97258812515716,False,p46
100,44.478410857346695,7.623973249527436,64.69738950238512,False,p46
101,11.71829838868274,3.9361793853877893,62.94050921260636,False,p46
102,21.82168512182249,7.786276455770159,61.91526524983559,False,p46
103,12.337173764937356,4.806495845914599,55.64459369305066,False,p46
104,13.461727507699894,9.041988912702815,54.9210360323497,False,p46
105,12.22275113017476,6.000534178442543,53.59102435292569,False,p46
106,13.201236498498254,3.5031065847607783,52.742994324462664,False,p46
107,11.839227582254072,6.502627930115223,51.95028363680355,False,p46
108,65.76059233329303,9.105271277283117,52.607654005563596,False,p46
109,74.73676610005536,26.590052886160603,54.47561703917294,False,p46
110,53.95346105163446,25.033199307155712,55.235979368651286,False,p46
111,37.659660334377485,12.379570025928793,55.58080489852205,False,p46
112,70.97732615862355,18.639529949694623,56.15611448365286,False,p46
113,9.66861385844366,2.2877232831905725,54.6544906657186,False,p46
114,72.74224412543265,22.79597302015066,56.47844308342083,False,p46
115,45.13191838744612,10.791614056080814,58.12576059846735,False,p46
116,54.42299343159437,19.260959217449166,49.378051221795246,False,p46
117,32.34183017157312,5.651837926683509,46.67840835738018,False,p46
118,67.66544376375244,9.99682411917487,38.684540608037636,False,p46
119,10.690944216408413,1.5047291893165795,36.841615239202554,False,p46
